record_id,redcap_survey_identifier,language_survey_timestamp,language_survey_complete,survey_questions_timestamp,age,gender,gender_other,race_culture___1,race_culture___2,race_culture___3,race_culture___4,race_culture___5,race_culture___6,race_culture___8,race_culture___9,race_culture___11,race_culture___13,race_culture___14,race_culture___15,race_culture___16,race_culture___999,race_culture___17,race_culture___18,race_culture_other,med_year,med_year_other,children,specialty,specialty_reason,specialty_change,discouragement,discouragement_reason,family_compatible,family_concerns_det,workload_det,add_training_det,hours_involved_det,stress_levels_det,mentor_barrier,family_support,enough_exposure,equal_rep_res,equal_rep_atten,gender_bias_evi,concern_gender_bias,my_mentor_is_a,orthopaedics,general_surgery,ob_gyn,vascular_surgery,urology,ent,plastic_surgery,neurosurgery,cardiac_surgery,are_there_any_other_specif,survey_questions_complete
1,,"2022-10-06 10:51:09",2,,,,,0,0,0,0,0,0,0,0,0,0,0,0,0,0,0,0,,,,,,,,,,,,,,,,,,,,,,,,,,,,,,,,,,0
2,,"2022-10-10 15:06:28",2,,,,,0,0,0,0,0,0,0,0,0,0,0,0,0,0,0,0,,,,,,,,,,,,,,,,,,,,,,,,,,,,,,,,,,0
3,,"2022-12-16 05:47:43",2,,,,,0,0,0,0,0,0,0,0,0,0,0,0,0,0,0,0,,,,,,,,,,,,,,,,,,,,,,,,,,,,,,,,,,0
4,,"2022-12-16 05:55:27",2,,,,,0,0,0,0,0,0,0,0,0,0,0,0,0,0,0,0,,,,,,,,,,,,,,,,,,,,,,,,,,,,,,,,,,0
5,,"2022-12-16 06:46:29",2,"2022-12-16 06:51:52",24,1,,0,0,0,0,0,0,0,0,0,0,0,1,0,0,0,0,,3,,0,0,"I don't see myself as being that much hands on. Also the culture and work life balance is not something I see myself enjoying in the future. The residents work an insane amount of hours and have to function on next to no sleep which I doesn't appeal to me. The culture of surgery can also be intimidating and it can be a very unwelcoming environment. ","Culture change",0,,1,3,5,2,5,2,3,2,4,4,2,4,2,4,"Gender bias (mostly male), poor culture, life in residency ","Life in residency",,,,,,,,,2
6,,"2022-12-16 06:51:25",2,"2022-12-16 06:52:25",24,1,,0,0,0,0,0,0,0,0,0,1,1,0,0,0,0,0,,3,,0,0,"Mysoginy and the residency",,1,,1,5,5,5,5,5,2,5,3,1,1,5,5,2,,,,,,,,,,,2
7,,"2022-12-16 07:00:04",2,,,,,0,0,0,0,0,0,0,0,0,0,0,0,0,0,0,0,,,,,,,,,,,,,,,,,,,,,,,,,,,,,,,,,,0
8,,"2022-12-16 07:02:48",2,"2022-12-16 07:07:20",25,2,,0,0,0,0,0,0,0,0,0,0,0,1,0,0,0,0,,3,,0,1,,,1,"Several surgical residents stating ""life sucks"" ""the residency is too much work"" ""you don't make enough money for the work""",4,2,3,1,3,4,4,1,4,2,2,5,4,4,,,"Female dominated. Men are sometimes refused by patients limiting experience and making me concerned about a possible future career.",,,,"Aesthetic surgery is part of plastic surgery that can be viewed as a self esteem building factor in a patient's life, which is an important part of her healthcare. Attendings who participate in interviews have stated that mentioning aesthetic surgery is a detriment to interviewees despite it being a part of the specialty.",,,,2
9,,"2022-12-16 07:08:43",2,"2022-12-16 07:11:28",29,2,,0,0,0,0,0,0,0,0,0,0,1,0,0,0,0,0,,4,,0,0,,,1,,2,4,4,5,5,2,4,2,4,4,4,2,1,2,,,,,,,,,,,2
10,,"2022-12-16 07:08:53",2,,,,,0,0,0,0,0,0,0,0,0,0,0,0,0,0,0,0,,,,,,,,,,,,,,,,,,,,,,,,,,,,,,,,,,0
11,,"2022-12-16 07:11:28",2,,,,,0,0,0,0,0,0,0,0,0,0,0,0,0,0,0,0,,,,,,,,,,,,,,,,,,,,,,,,,,,,,,,,,,0
12,,"2022-12-16 07:13:09",2,,,,,0,0,0,0,0,0,0,0,0,0,0,0,0,0,0,0,,,,,,,,,,,,,,,,,,,,,,,,,,,,,,,,,,0
13,,"2022-12-16 07:21:07",2,,,,,0,0,0,0,0,0,0,0,0,0,0,0,0,0,0,0,,,,,,,,,,,,,,,,,,,,,,,,,,,,,,,,,,0
14,,"2022-12-16 07:33:42",2,"2022-12-16 07:38:21",26,2,,0,0,0,0,0,0,0,0,0,0,0,1,0,0,0,0,,4,,0,0,"Lifestyle mainly, and personalities that I worked with in surgery are not what I look for in a colleague","Better work-life balance, especially in residency but also as an attending  Culture is toxic with a lot of people who are egotistical and ""type A"" - worked with a lot of hot heads who only cared about themselves and not the others in the OR room or the patient",0,,2,3,4,2,4,3,2,3,4,3,4,3,3,1,,,,,,,,,,,2
15,,"2022-12-16 07:41:51",2,"2022-12-16 07:45:10",25,1,,0,0,0,0,0,0,0,0,0,0,0,1,0,0,0,0,,4,,0,0,"I was very interested in a surgical specialty and was planning on pursuing, but in third year rotations I experienced a different specialty that better fit with my overall goals and values as a future physician ","I only had very positive experiences in surgery. There was nothing about the culture or expectations that turned me away from the specialty. ",0,,4,2,1,2,2,2,2,2,4,2,1,4,2,1,,,,,,,,,,,2
16,,"2022-12-16 07:44:54",2,"2022-12-16 07:48:10",26,1,,0,0,0,0,0,0,0,0,0,0,1,0,0,0,0,0,,4,,0,0,"Learning Culture, time demand, ","The culture around having a life outside of surgery is almost frowned upon and looked at as being less committed to the speciality. The mentality that surgeons are the ""top dogs"" ",0,,2,3,2,2,4,2,3,3,4,2,2,4,4,1,"No jobs ","""Top dog"" mentality ","The culture ","Time demand ",,,,,,,2
17,,"2022-12-16 07:52:06",2,"2022-12-16 07:57:12",25,1,,0,0,0,0,0,0,0,0,0,0,1,0,0,0,0,0,,4,,0,0,"Long and unpredictable hours, poor work-life balance, culture is not very friendly and does not seem to prioritize personal wellbeing","The above listed factors would have to be improved",1,"Not a specific situation, rather than a combination of trainees and staff in surgical and non-surgical specialties advising against it, mainly due to mentions of poor work life balance, high stress",3,3,5,5,5,5,2,1,5,3,3,2,1,4,,,,,,,,,,,2
18,,"2022-12-16 07:54:18",2,"2022-12-16 08:07:22",24,1,,0,0,0,0,0,0,0,0,0,0,0,1,0,0,0,0,,3,,0,0,"The lifestyle during residency.","The hours during residency don't seem healthy or safe to me, particularly residents working ""home call"" for 72 hours when they're in the hospital operating for most of those hours. There's also a culture of devoting your life to the operating room, even when you're a staff surgeon, that I don't agree with. ",1,"I've been open with many peers and non-surgical residents about my desire to pursue family medicine, and have been told that's a good idea and that pursuing surgery isn't. I've had many surgical residents be very encouraging about my pursuing surgery should I want it, but they're honest about their hours and the challenges they face. ",1,5,5,4,4,2,1,3,2,4,1,4,2,4,"The ""bro"" culture. Gender bias and sexism.","The hours. The stress load and acuity of many patients.","Mean culture. ","The competitiveness and hours. ","The competitiveness and hours.","The competitiveness.","The competitiveness and hours.","The competitiveness, hours, and lack of job opportunity when done residency.",,"Having to do a fellowship after training to be competitive. The lack of freedom in choosing where you want to live and practice even when you're done training. ",2
19,,"2022-12-16 08:02:55",2,"2022-12-16 08:12:27",24,1,,0,0,0,0,0,0,0,0,0,0,1,1,0,0,0,0,,3,,0,0,"Because of the staff/residents. not the type of people I would want to work with- minimal collegiality  ","Absolutely. Surgery itself is wonderful. it's life saving. it's interesting. Unfortunately, the second I stepped into clerkship in surgery, I was made to feel unwelcome. unlike other specialities where they try to convince the clerk to join, surgeons do the opposite.  The communication between surgeons to patients is also appalling, to be frank. I have never witnessed such crude breaking of bad news than I did in my surgery block.  ",1,"So many events. I will say that the orthopaedic surgeons I worked with were incredible and they said Inwould be great. I was mostly discouraged from pursuing general surgery - mostly by the residents who said if I have any hobbies outside or medicine, or if i want a family, or if i want to be happy, i shouldn't do it. ",2,5,2,1,5,2,5,1,4,4,1,5,5,4,"I got along with them very well. they were awesome to me. that being said, and i will be frank, i am a sporty person. They were not as kind (residents) to my classmates who were not sporty, or who did not belong to the ""bro"" club. ","everything was a barrier. ","na ",,"na ","na ","na ","na ","terribly rude to absolutely all students ","I think I covered it. thank you for this survey. I apologize for how blunt my responses were, but i hope it helps with future decision making ",2
20,,"2022-12-16 08:27:58",2,"2022-12-16 08:31:40",26,1,,1,0,0,0,0,0,0,0,0,0,0,0,0,0,0,0,,4,,0,0,"difficult lifestyle in residency, poor job market, poor mobility, workplace culture does not prioritize work/life balance","better work-life balance",1,"General comments from people outside the speciality ",1,2,5,5,5,5,4,4,2,4,4,2,4,4,,,"too many call shifts",,,,,,,,2
21,,"2022-12-16 08:29:45",2,"2022-12-16 08:34:07",24,1,,1,0,0,0,0,0,0,0,0,0,0,1,1,0,0,0,,3,,0,0,"Culture of surgery, long hours, long residency, I can see a life other than surgery","More work life balance. Culture such that eating lunch at lunch time is not considered slacking etc. ",0,,2,4,5,5,5,5,3,4,4,3,2,3,2,4,"None but other surgeons think you dont understand medical Problems ","Long hours, notorious for shame learning","Being male","Have to like long surgeries ","Being female",None,None,"Need a PhD",None,No,2
22,,"2022-12-16 08:42:49",2,"2022-12-16 08:45:35",25,1,,0,0,0,0,0,0,0,0,0,0,0,1,0,0,0,0,,4,,0,0,"Not skilled with hands. Prefer lifestyle specialties.",No,0,,3,1,5,2,5,5,1,1,3,4,1,4,3,4,,,"Toxic attitudes among trainees, difficult to foster close relationships. ",,,,,,,,2
23,,"2022-12-16 08:46:15",2,"2022-12-16 23:01:57",26,2,,0,0,0,0,0,0,0,0,0,0,0,0,0,0,1,0,,3,,0,0,,"5am starts and poor job prospects after with no work life balance was challenging to consider it as a specialty. ",0,,2,5,3,4,5,3,3,4,2,3,3,3,2,4,,,,,,,,,,"Poor job prospects in Canada. The need to do US fellowships.",2
24,,"2022-12-16 09:02:03",2,"2022-12-16 09:06:15",25,1,,0,0,0,0,0,0,0,0,0,0,1,0,0,0,0,0,,4,,0,1,,,0,,4,2,1,2,3,3,3,1,4,4,1,4,2,1,"It's a 'bro's club' and you need to be quite strong. When I've been in ORs with ortho it's been a lot of sports talk that i cannot participate in ",None,None,"No specific barriers but no exposure ","Similar to ortho, feels like a men's club","None but no exposure ","None but no exposure ","Was specifically told by female residents not to expect to have any family life and was told there were no jobs","Did not hear the best reputation about the trainees here, was told there were some anti-Semitic comments made to a fellow medical student ",,2
25,,"2022-12-16 09:02:07",2,,,,,0,0,0,0,0,0,0,0,0,0,0,0,0,0,0,0,,,,,,,,,,,,,,,,,,,,,,,,,,,,,,,,,,0
26,,"2022-12-16 09:06:59",2,,,,,0,0,0,0,0,0,0,0,0,0,0,0,0,0,0,0,,,,,,,,,,,,,,,,,,,,,,,,,,,,,,,,,,0
27,,"2022-12-16 09:12:09",2,,,,,0,0,0,0,0,0,0,0,0,0,0,0,0,0,0,0,,,,,,,,,,,,,,,,,,,,,,,,,,,,,,,,,,0
28,,"2022-12-16 09:51:16",2,,,,,0,0,0,0,0,0,0,0,0,0,0,0,0,0,0,0,,,,,,,,,,,,,,,,,,,,,,,,,,,,,,,,,,0
29,,"2022-12-16 09:56:26",2,"2022-12-16 09:59:13",25,1,,0,0,0,0,0,0,0,0,0,0,0,1,0,0,0,0,,4,,0,0,"I was not interested in the hours, always being tied to the hospital.",,1,"Told not to do surgery if wanted a family - will have little time for them. ",3,1,4,4,4,2,2,2,2,2,2,4,4,4,"No jobs","Male dominated","No respect from other surgical disciplines ",N/a,"N/a ",N/a,N/a,N/a,"Workload ",N/a,2
30,,"2022-12-16 10:10:04",2,,,,,0,0,0,0,0,0,0,0,0,0,0,0,0,0,0,0,,,,,,,,,,,,,,,,,,,,,,,,,,,,,,,,,,0
31,,"2022-12-16 10:22:13",2,"2022-12-16 10:28:09",24,2,,0,0,0,0,0,0,0,0,0,0,1,0,0,0,0,0,,4,,0,0,"During my surgical rotations I experienced extremely disrespectful behaviour of staff towards residents and medical students. Name calling, insinuating stupidity. Extreme arrogance. I would never want to be associated with this profession. ","The culture ",0,,1,3,4,2,5,4,4,2,5,2,2,4,2,4,,"Rude and disrespectful staff ",,,,,,,"Rude and disrespectful staff ",,2
32,,"2022-12-16 12:02:25",2,,,,,0,0,0,0,0,0,0,0,0,0,0,0,0,0,0,0,,,,,,,,,,,,,,,,,,,,,,,,,,,,,,,,,,0
33,,"2022-12-16 12:15:02",2,"2022-12-16 12:17:50",24,1,,0,1,0,0,0,0,0,0,0,0,0,0,0,0,0,0,,3,,0,1,,,0,,4,4,3,2,2,2,2,5,5,4,2,5,4,1,,,,"Only 10 spots across Canada per year, difficulty establishing rapport with relevant personnel at home campus because I am at a satellite campus, difficulty creating opportunities outside of scheduled learning during clerkship to gain specific skills in this field to impress on fourth year electives",,,,,,,2
34,,"2022-12-16 12:36:47",2,"2022-12-16 12:41:05",25,2,,0,0,0,0,0,0,0,0,0,0,1,0,0,0,0,0,,3,,0,0,"Lifestyle; culture; personalities.","I would pursue if it weren't for the above reasons",0,,1,3,4,3,5,2,2,1,5,4,4,4,3,4,"Gender issues; lifestyle (hours); bullying","Bullying; lifestyle; personality ","Not experienced ","Not experienced ","Lifestyle (hours) ","Not experienced ","Not experienced ","Not experienced ","Not experienced ","Mostly lifestyle, attending personalities, sometimes toxic culture, sometimes bullying ",2
35,,"2022-12-16 13:34:38",2,"2022-12-17 00:33:33",25,1,,0,1,0,0,0,0,0,0,0,0,0,0,0,0,0,0,,4,,0,1,,,1,,4,2,5,5,5,4,4,1,4,4,1,4,4,2,,,,,,,,,,,2
36,,"2022-12-16 16:17:50",2,"2022-12-16 16:19:44",24,1,,1,0,0,0,0,0,0,0,0,0,0,0,0,0,0,0,,3,,0,0,,"lifestyle factors",1,,2,4,5,2,4,5,2,2,3,3,1,4,4,2,,,,,,,,,,,2
37,,"2022-12-16 16:31:15",2,,,,,0,0,0,0,0,0,0,0,0,0,0,0,0,0,0,0,,,,,,,,,,,,,,,,,,,,,,,,,,,,,,,,,,0
38,,"2022-12-16 16:56:36",2,"2022-12-16 17:01:59",,2,,0,0,0,0,0,0,0,0,0,0,1,1,0,0,0,0,,4,,0,0,culture,"Hierarchical culture, call requirements, limiting job opportunities (depending on the specialty) and overall poor work-life balance ",,,4,3,5,4,5,5,4,3,5,4,2,2,2,4,"Poor job market and poor work-life balance, especially as a resident","toxic culture","bias as a male and difficult residency",,"Niche specialty","Niche specialty, highly competitive for CARMS","Highly competitive for CARMS","Poor work life balance and call requirements","Poor work life balance and job market",,2
39,,"2022-12-16 17:03:57",2,"2022-12-16 17:07:01",26,2,,0,0,0,0,0,0,0,0,0,0,1,0,0,0,0,0,,4,,0,0,"Don't enjoy operating enough to deal with all the culture issues ","Long hours, mean environment for learners, over worked compared to other specialities, etc",0,,2,3,5,5,5,4,1,1,4,3,2,4,3,1,,,,,,,,,,,2
40,,"2022-12-16 23:43:28",2,"2022-12-16 23:47:28",25,1,,1,0,0,0,0,0,0,0,0,0,1,0,0,0,0,0,,4,,0,0,"Because the residency and staff life is too demanding and is not conducive to having a life outside of medicine, from what I've seen and heard.","Yes, if the culture was more supportive of having a life outside of medicine.",1,"Docs, both surgeons and non surgeons, telling me that you have to be a work a holic to go into surgery",2,5,5,4,5,5,4,2,4,1,1,5,4,4,,,,,,,,,,,2
41,,"2022-12-17 23:35:10",2,"2022-12-17 23:41:32",29,2,,0,1,0,0,0,0,0,0,0,0,0,0,0,0,0,0,,4,,0,0,"Long hours, weekend long call as senior resident, expected to not take post call days, majority of residents do not seem happy. Most likely will have to do a fellowship as well","Better call system, protected post call days.",0,,1,5,4,4,4,2,3,3,2,5,4,2,1,1,"Ortho trauma block was extremely difficult. Very long hours, with very early rounding times. ","Senior residents looked unhappy. Senior residents I worked with did not treat me with respect and talked down to me.",,"Did not have a rotation in this.","Did not have a rotation in this.","Did not have a rotation in this.","Did not have a rotation in this.","Did not have a rotation in this.","Did not have a rotation in this.",,2
42,,"2022-12-18 17:11:31",2,"2022-12-18 17:13:01",27,2,,0,1,0,0,0,0,0,0,0,0,0,0,0,0,0,0,,3,,0,0,"Lifestyle, particularly in residency","More humane residency (in terms of hours especially)",1,,2,4,5,3,5,3,2,2,4,2,2,3,3,4,,,,,,,,,,,2
43,,"2022-12-19 10:27:34",2,"2022-12-19 10:35:17",29,1,,0,0,0,0,0,0,0,0,0,0,1,1,0,0,0,0,,4,,0,0,"Reasons for enjoying surgery not the reasons I went into medicine. Would not be able to maintain the work-life balance I'm looking for at this stage of my life. ","Less 'all consuming' residency training. More extensive patient interactions.",0,,2,5,3,3,4,3,2,4,3,4,2,4,2,4,,,,,,,,,,,2
44,,"2022-12-19 12:14:05",2,"2022-12-19 12:21:46",24,1,,0,0,0,0,0,0,0,0,0,0,1,0,0,0,0,0,,3,,0,0,"Length & intensity of training, culture, difficulty to manage family & relationships, technical skill, endurance needed, ability to survive on little sleep","Culture shift, shorter shifts/less call",1,"On ""a surgical block"", I was told that it would be hard to do ""said surgical block"" (which I am still semi interested in) unless I had a supportive partner with a ""less intense/demanding"" job; and told it would be difficult to handle as my current partner is also in professional school for an intense/demanding career",2,5,5,3,5,4,3,4,3,2,3,4,4,4,"male dominated, ""ortho bro"" stereotype",,"difficult call schedule/long hours, apparently needed to figure out this was a specialty I wanted earlier on in med school than clerkship to have a good chance at matching",,,competitive,competitive,"no job prospects aha","limited job prospects",,2
45,,"2022-12-19 13:48:49",2,"2022-12-19 13:51:23",26,2,,0,0,0,0,0,0,0,0,0,0,1,1,0,0,0,0,,4,,0,0,"Training is too long. Culture of surgical subspecialties can be unsupportive. I'm more interested in a more general field. ",,0,,2,3,5,5,4,3,2,2,4,3,2,2,2,4,,,,,,,,,,,2
46,,"2022-12-19 16:38:40",2,"2022-12-19 16:47:20",25,2,,0,0,0,0,0,0,0,0,0,0,0,0,0,1,0,0,"Ashkenazi Jewish",4,,0,0,"Interested in primary care.",Unlikely.,0,,4,1,4,4,4,4,1,1,5,5,1,5,3,4,"Requires fellowship(s) to find a job in Canada. Long hours in residency. Subspecialization means doing the same surgeries repeatedly.","High call burden throughout residency and as staff. Culture not supportive.","Patients prefer feminine-presenting providers.","High-stress surgeries. Long cases. Personally uninterested.","Limited variety of pathology. Personally uninterested.","Personally uninterested.","Pretentious work culture.","Long training time. Poor outcomes.","Minimal variety in surgeries. Long cases. Personally uninterested.",,2
47,,"2022-12-20 11:59:57",2,"2022-12-20 12:02:28",29,2,,0,0,0,0,0,0,0,0,0,0,0,0,0,1,0,0,Jewish,4,,0,0,"job opportunities, length of training, decision made with partner","Job opportunity and flexibility",0,,3,3,4,4,3,4,2,4,4,2,1,4,2,2,,,,"no exposure during medical school",,,,"no exposure during medical school","no exposure during medical school",,2
48,,"2023-01-02 23:04:06",2,,,,,0,0,0,0,0,0,0,0,0,0,0,0,0,0,0,0,,,,,,,,,,,,,,,,,,,,,,,,,,,,,,,,,,0
49,,"2023-02-01 18:09:54",2,,,,,0,0,0,0,0,0,0,0,0,0,0,0,0,0,0,0,,,,,,,,,,,,,,,,,,,,,,,,,,,,,,,,,,0
50,,"2023-02-01 18:10:04",2,,,,,0,0,0,0,0,0,0,0,0,0,0,0,0,0,0,0,,,,,,,,,,,,,,,,,,,,,,,,,,,,,,,,,,0
51,,"2023-03-19 17:13:48",2,"2023-03-19 17:17:38",24,1,,0,0,0,0,0,0,0,0,0,0,1,0,0,0,0,0,,1,,0,1,,,1,"Surgeons at different club events have mentioned that it is a very difficult career choice and that they recommend that if I am passionate about something other than surgery then to pursue that.",2,4,4,1,4,4,2,1,1,2,2,3,4,4,"Very male dominated field with a ""fratty"" atmosphere",,"Very intense call schedule and hours. Very high highs but very low lows.",,,,,,,,2
52,,"2023-03-22 16:04:00",2,,,,,0,0,0,0,0,0,0,0,0,0,0,0,0,0,0,0,,,,,,,,,,,,,,,,,,,,,,,,,,,,,,,,,,0
53,,"2023-03-22 16:14:46",2,"2023-03-22 16:21:48",25,1,,0,1,0,0,0,0,0,0,0,0,0,0,0,0,0,0,,3,,0,1,"Because I am interested in a hands-on specialty, and like the skill-based nature of general surgery.",,1,"I was discouraged by an IM doctor to pursue general surgery due to the challenges in having a family during surgical training. I have also been discouraged by surgeons who said to pursue specialities like gastroenterology instead for the same reason.",3,1,2,1,1,2,5,1,2,4,2,5,5,2,"Heavily male-dominated feild deters females from pursuing.May be challenging for women to find mentors in this field. ","Difficult residency, which also occurs during years where most woman would start to think about having children. ","Overall, most OB/GYN attendings and residents I have met are not particularly nice people. ","Male-dominated field. Patient population is extremely old and complex. outcomes are poor. ","Male-dominated field. May get bias from patients as a urologist who is a woman. ","I do not know much about this field. ","i feel that representation between men and women is quite good in this field. Lifestyle also seems better than other surgical specialties. ","Male dominated. Long residency and very limited jobs. ","I do not know much about this field. ",No,2
54,,"2023-03-22 16:31:23",2,"2023-03-22 16:39:05",,1,,0,0,0,0,0,0,0,0,0,1,0,0,0,0,0,0,,3,,0,0,"The culture is terrible in my experience. The hours are unnecessarily long. Not worth it.","Hours need to be more reasonable (and YES it can be done). We need post call days. No one should be operating post call. The culture needs to change. Stop treating each other like angry entitled children. ",0,,1,5,1,1,4,1,4,1,3,1,1,4,4,4,,"Culture is by far the worst within all surgical specialties","Second worse culture.","My favourite surgical rotation",,,,,"The fact that you are repeatedly told there are no jobs in Canada for you after you graduate and you have to love to the US was a major reason I walked away from this. This was a huge interest of mine and I still think about it. ","I would've loved to pursue surgery. I'm not afraid of working hard, or working hard and for long hours, but the lack of post call days and the terrible culture that is so easily palpable and so many of the surgical subspecialties that I have been exposed to just make it a really uninticing option",2
55,,"2023-03-22 16:33:03",2,,,,,0,0,0,0,0,0,0,0,0,0,0,0,0,0,0,0,,,,,,,,,,,,,,,,,,,,,,,,,,,,,,,,,,0
56,,"2023-03-22 17:26:10",2,"2023-03-22 17:31:42",27,1,,0,1,0,0,0,0,0,0,0,0,0,0,0,0,0,0,,4,,0,1,,,1,"Happens on a daily basis. Usually comments related to culture, work/life balance, tough residency etc.",3,4,2,2,2,2,5,2,4,3,2,2,2,2,"Gender gap","Racialized and visible minority status","Working hours","Working hours",N/A,N/A,N/A,N/A,"Gender gap big time. I worked with one female fellow in my entire time on Cardiac surgery, and she was actually rotating off-service","Respectfully, these questions miss a huge visible gap in surgical trainees: race and visible minority status. It influences my interactions every day and alienates me more than my gender does.",2
57,,"2023-03-22 18:34:59",2,,,,,0,0,0,0,0,0,0,0,0,0,0,0,0,0,0,0,,,,,,,,,,,,,,,,,,,,,,,,,,,,,,,,,,0
58,,"2023-03-22 19:27:11",2,"2023-03-22 19:31:01",23,2,,0,0,0,0,0,0,0,0,1,0,1,1,1,0,0,0,,1,,0,1,"Love of the technique and skill it takes to perform surgeries. Desire to help people through interventions. ",,1,"People saying I shouldn't pursue it due to poor work life balance and increased stress. ",4,2,3,2,2,2,1,1,2,2,2,4,2,2,"Tough work life balance within residency. ","Overbearing supervisors ","Constant on call",,,,,"Tough work life balance. ",,None,2
59,,"2023-03-22 20:19:05",2,,,,,0,0,0,0,0,0,0,0,0,0,0,0,0,0,0,0,,,,,,,,,,,,,,,,,,,,,,,,,,,,,,,,,,0
60,,"2023-03-27 13:39:49",2,"2023-03-27 13:46:05",25,1,,0,0,0,0,0,0,0,0,0,0,1,1,0,0,0,0,,1,,0,0,"Maybe- it is interesting stuff but I have heard the residency is very demanding and the job market can not be so good","1. Less demanding residency   2. Better job opportunities within Canada upon graduation",1,"I have been told the residency is very challenging and there are easier specialties I should pursue",2,4,5,4,5,4,2,3,3,2,1,3,3,1,"No jobs, I do not like the content of this material","I don't like the content of this material","Being on call for deliveries when you are a staff, chaos in the OR during C sections","Don't have enough exposure to comment on","Don't have enough exposure to comment on","Hard residency and long reconstructive cases, large acquisition of anatomy knowledge","Don't have enough exposure to comment on","Long training, need for a PhD to pursue jobs in Canada, very competitive","Long training, very competitive, not material I am interested in",,2
61,,"2023-12-14 10:06:35",2,"2023-12-14 10:06:45",,,,0,0,0,0,0,0,0,0,0,0,0,0,0,0,0,0,,,,,,,,,,,,,,,,,,,,,,,,,,,,,,,,,,2
62,,"2024-03-06 19:54:46",2,"2024-03-06 20:09:01",26,1,,1,0,0,0,0,0,0,0,0,0,0,0,0,0,0,0,,4,,0,1,,,1,"Resident who dropped out from general surgery and now is in FM was very adamant that the surgical lifestyle was not suitable for anybody.",3,2,2,2,2,3,2,2,4,2,2,4,2,1,"Potential need for physical strength/understanding own body mechanics to leverage strength ","Okay with dealing with poop","Able to manage the high risk deliveries",,,"Very competitive","Very competitive",,"Very competitive","Fluctuating/limited job prospects after fellowship",2
63,,"2024-03-07 08:30:51",2,"2024-03-07 08:36:34",30,1,,0,1,0,0,0,0,0,0,0,0,0,0,0,0,0,0,,4,,0,1,"Genuine interest despite many barriers ",,1,"I have been advised about difficulty in family planning, work life balance, the competitiveness of my application, I have been told by male residents that I lack confidence. ",2,5,2,2,4,2,5,5,5,1,1,5,5,1,,,,,,"Heavily male dominated, with minimal female mentors. ","Infrequent opportunity for mentorship",,,"Gruelling and isolating carms process that feels, in many ways, dehumanizing. ",2
64,,"2024-03-07 08:53:22",2,"2024-03-07 08:54:44",26,1,,0,0,0,0,0,0,0,0,0,0,1,1,0,0,0,0,,4,,0,0,"Prefer primary care","I find it physically difficult, and I prefer to spend time interacting with patients ",0,,2,4,4,3,4,4,2,2,4,4,3,2,2,2,,,,,,,,,,,2
65,,"2024-03-07 09:10:49",2,"2024-03-07 09:37:35",37,1,,0,0,0,0,0,0,0,0,0,0,0,1,0,0,0,0,,4,,0,0,"Poor job availability in general (I don't want my career to dictate where I live), and I already have fertility problems and I would expect the long hours and stress of a surgical residency would make children impossible (if they aren't already). ","From my perspective as a clerk I think the programs are unnecessarily long. Residents seem to graduate unsure of b performing bread and butter operations - I think this is because they spend too much time in the first two years off-service/doing scut work that doesn't appear helpful to learning. Part of the reason programs might do this is because the majority of residents go on to do a fellowship, so it seems like most of their independence is earned there. Surgical residency sounds like a bit of a pyramid scheme.    In my twenties I think I might have been interested, but now I just don't have the time. And while most of my interactions have been pleasant, some of the most unpleasant people I've met have been in surgery (I'm talking attendings, residents, and fellows). ",1,"I was on ortho, and maybe had a bit of Stockholm syndrome, but I expressed to a male Fellow ""I am enjoying this, maybe I should do ortho"" and he just looked and me and said ""you don't want to do that.""  This guy didn't even know me or my goals and he was discouraging me.",1,5,5,5,5,1,4,1,5,1,1,5,4,4,"I didn't meet a single female attending. I also believe I could have died on my assigned stool in the operating room and no one would have noticed.","The one female attending I met was notoriously cruel to students. She was fine with me but I wonder how much the system wore her down.","Night work is bad for fertility.",n/A,"I had my negative feedback on this rotation, from a female attending. I felt that she was bullying me rather than giving helpful feedback. I have the impression that to succeed in a male dominated speciality, women often feel the need to take on hyper masculine behaviour akin to an academic drag performance.",N/A,N/A,N/A,N/A,"It's very costly in terms of travelling electives which is a huge deterrent for students from low SES backgrounds. Although we all have access to generous LOCs, I had a significant debt level from living independently early (necessitated by low SES), an obligation to have funds available to send my parent periodically (it's worse for my mental health if they're homeless than it is taking the financial hit), self-funding all my education, and certainly having no inheritance to look forward to. Spending tens of thousands to get interviews at multiple schools and be taken seriously as an applicant for surgery felt entirely out of my reach.",2
66,,"2024-03-07 14:51:35",2,"2024-03-07 14:57:22",28,1,,0,0,0,0,0,0,0,0,0,0,1,0,0,0,0,0,,4,,0,1,"Personal interest, positive clerkship experiences, research opportunities",,1,"Discouraging comments based on difficulty with family planning as a surgeon, ""male dominated environment"", long hours, call burden ",4,1,2,1,2,2,1,1,5,2,1,4,2,1,"Male-dominated, hypermasculine culture, have witnessed/experienced inappropriate comments to female trainees  ","Long hours, call culture, strained relationship between attendings and residents ","In house call, call burden","Call burden, traditional hierarchal surgical culture ",Male-dominated,"Highly competitive, long surgeries","Highly competitive, long surgeries","Hours, call burden, expectation to do PhD at some programs","Highly competitive, long surgeries",No,2
67,,"2024-03-07 15:10:57",2,,,,,0,0,0,0,0,0,0,0,0,0,0,0,0,0,0,0,,,,,,,,,,,,,,,,,,,,,,,,,,,,,,,,,,0
68,,"2024-03-12 23:32:05",2,"2024-03-12 23:56:47",26,1,,1,0,0,0,0,0,0,0,0,0,0,0,0,0,0,0,,3,,0,0,"Not interested","No, just not interested in surgical field and lifestyle. (answered below questions as if I was intending to pursue surgery but technically not applicable to me)",0,,2,3,4,2,2,4,2,2,5,3,3,4,4,2,"Work culture, lack of attending positions",n/a,"culture, odd hours, long call","hard to get into very small program","call, being a female in a generally male",n/a,"male dominated, competitive","long residency, ?phD","difficult resudency, ?toxic work culture",,2
69,,"2024-03-13 00:59:40",2,"2024-03-13 01:07:02",32,1,,0,0,0,0,0,0,0,1,0,0,0,0,1,0,0,0,,3,,1,1,"I like the challenge, working with my hands, love the OR, being able to complete and see a problem through",,1," - wont be able to be a good mother   - wont be able to see my family   - cant study as long as others  - need to choose work over family   - dont tell people you have a partner or have kids or it can negatively affect chances of matching   - selfish for pursuing speciality that will take longer and will require more sacrifice from my family ",3,4,4,2,4,2,4,4,2,2,2,5,3,4,"Cliche, requires more ability to fit in and like similar interests and hobbies that I noticed vs knowledge/work ethic ","Male dominated, unhappy environment, long hours","Programs differ, some are cliche, negative/heavy environment ,female dominated ",N/a,"Male dominated ",N/a,N/a,"No life ",N/a,,2
70,,"2024-03-13 01:05:59",2,"2024-03-13 01:42:51",24,1,,0,0,0,0,0,0,0,0,0,1,0,0,0,0,0,0,,3,,0,0,"Although I enjoyed my time on surgery, I've enjoyed many aspects of other specialities as well. I'm hoping to pursue a more general speciality that combines both procedure- based aspects with other parts of medicine  ","Not particularly ",0,,4,3,4,2,4,2,3,3,2,2,1,4,4,2,,,,,,,,,,"I think one of the biggest things is exposure early on and throughout clerkship to different surgical specialities. At western, we spend out 4 weeks of Gen surg on the same team, and then have 2 surgical speciality electives. I was quite surprised at how much I enjoyed one of those, and think i may have been more likely to pursue a surgical speciality if I had more time to explore.",2
71,,"2024-03-13 10:14:02",2,"2024-03-13 10:22:22",30,1,,0,0,0,0,0,0,0,0,0,0,1,0,0,0,0,0,,3,,1,1,"I like procedural work",,1,"I've had surgeons tell me that it's not the appropriate career for a mother. I've also heard the classic ""if you can imagine yourself doing something else, do that"" ",3,1,4,2,5,2,2,3,4,4,1,4,2,1,"Need for multiple fellowships, poor job market ","Brutal training, longest hours along with NSx for a program, very difficult royal college exam ","Very difficult training program with long hours ",None,None,"Competitive to get into ","Very competitive to get into ","Brutal training, longest # of years (6), poor job market and will likely need to work in the US ","Difficult training, but admittedly don't know much about it ","Rigidity of the system. Other royal college programs have been able to accomodate part time or 80% load for residents. I believe that there is no surgical residency in Canada that has been able to make such accomodation. Having this as an option is important to me as a parent in case childcare falls through or my kids start struggling. ",2
72,,"2024-03-13 11:51:11",2,"2024-03-13 11:58:43",34,1,,0,0,0,0,0,0,0,0,0,0,0,1,0,0,0,0,,3,,1,0,"I am not that interested in surgery and the lifestyle doesn't really match with my goals and family needs. ","I found a lot of my surgery rotations to be fairly toxic and felt much more comfortable in medical rotations. The culture and lifestyle did not seem that conducive to having a family. ",1,"I have been told numerous times some version of ""if you really love (____ surgical specialty) then do it but if theres absolutely anything else you think you could be happy in then choose that instead. Only do surgery if you love it.""",2,5,4,2,4,4,3,3,4,2,2,4,4,4,"Ortho seems to be an especially male-dominated specialty and the culture seemed particularly toxic (mainly because of attendings) at my institution. "," - lifestyle, stress, hours of work","I was actually very drawn to ob/gyn but in the end just didn't love the surgeries that much. ","No experience with vascular surgery","No experience with urology","No experience with ENT","No experience with plastic surgery but have heard that my institution is very demanding and not that supportive of residents. ","No experience with neurosurgery","No experience with cardiac surgery",,2
73,,"2024-03-13 12:01:09",2,,,,,0,0,0,0,0,0,0,0,0,0,0,0,0,0,0,0,,,,,,,,,,,,,,,,,,,,,,,,,,,,,,,,,,0
74,,"2024-03-13 12:05:52",2,"2024-03-13 12:16:37",25,1,,0,0,0,0,0,0,0,0,0,0,0,1,0,0,0,0,,4,,0,0,"residents appear to be treated poorly with little regard for their well-being, ignored by preceptors most of the time with little teaching, sent to do scut work rather than core elements of a surgical clerkship, treated like a burden not a learner, long term outlook for work life balance poor","as someone who initially considered surgery but changed their mind directly as a result of my rotations, the biggest things that would need to change are the OR environment being less hostile towards learners (everyone seems annoyed a student is there most of the time, especially when we don't know the minutiae of expectations the surgeon, assist, resident, and scrub nurses have that seem to vary by OR) and preceptors being more excited to teach and value their medical students and residents. ",1,"resident had been scheduled 3 Saturdays in a row and was forced to use their single personal day (aka their only true day off that was not a post call day) to plan and host a resident event. said they were exhausted and burnt out. said they were having trouble making ends meet financially. ",2,3,5,5,5,3,5,2,5,4,2,5,5,4,"not exposed until MS4","poor value for resident wellness, not uncommon for attendings to not learn my name even after being with them every day for a week or two, residents voicing they didn't feel supported ","hostile teaching environment at my site, not uncommon for attendings to not learn my name even after being with them every day for a week or two",,,"extremely toxic work environment with different surgeons fueding against each other at my site and multiple college complaints     mostly stood in OR and ignored for the entire day even if I asked questions as we went",,,,,2
75,,"2024-03-13 12:13:30",2,"2024-03-13 12:18:05",25,1,,0,0,0,0,0,0,0,0,0,0,1,0,0,0,0,0,,4,,0,0,"Time committment required compared to other specialities both in residency and beyond, as well as poor work life balance compared to other specialities. ","Likely need to complete a fellowship in order to get a job adds several extra years of difficult training with poor work life balance. Should the job market improve and the need for extra research and fellowships decrease I may have considered surgery more seriously as a specialty choice.",0,,3,4,5,5,4,4,3,3,5,3,2,4,4,4,"Physical strength required.",,"Poor work life balance for entire career due to frequency of overnight shifts/call compared to most specialities (at least at my training location)",,,,,,,,2
76,,"2024-03-13 12:14:54",2,,,,,0,0,0,0,0,0,0,0,0,0,0,0,0,0,0,0,,,,,,,,,,,,,,,,,,,,,,,,,,,,,,,,,,0
77,,"2024-03-13 12:26:19",2,,,,,0,0,0,0,0,0,0,0,0,0,0,0,0,0,0,0,,,,,,,,,,,,,,,,,,,,,,,,,,,,,,,,,,0
78,,"2024-03-13 12:30:53",2,"2024-03-13 12:35:17",28,1,,0,0,0,0,0,0,0,0,0,1,0,0,0,0,0,0,,2,,0,0,,"better work-life balance during training making it more flexible for family planning and improved mental health support. I would enjoy a surgical specialty but am nervous that it would change me as a personal going through the training. Not because of the hard work but what i have heard about the training environments. ",1,"Nothing specific but I was pondering a career in ENT and not a single person I discussed this with (medical students, residents) were not excited but worried for me and made sure I understood the risk and was not sure it aligned with my personal values...",2,5,2,,3,5,5,2,1,1,1,4,5,4,,,,,,,,,,,2
79,,"2024-03-13 12:40:08",2,"2024-03-13 12:46:06",25,1,,0,0,0,0,0,0,0,0,0,0,1,0,0,0,0,0,,2,,0,1,"Considering OBGYN because I enjoy the medicine and patient population but unsure about pursuing a surgical specialty ",,1," -family members believe it is too difficult and not conducive to a good lifestyle. Specific comments have included ""a woman should not work that hard"" and ""who will take care of your children"". ",3,4,4,2,3,4,3,3,2,3,2,3,3,4," -lack of job availability   "," -difficult residency with very long hours  -unsure if it would be feasible to have children during this residency   -male dominated ",,,,,," -very long training, job availability after training ",,,2
80,,"2024-03-13 12:41:28",2,,,,,0,0,0,0,0,0,0,0,0,0,0,0,0,0,0,0,,,,,,,,,,,,,,,,,,,,,,,,,,,,,,,,,,0
81,,"2024-03-13 13:07:21",2,,,,,0,0,0,0,0,0,0,0,0,0,0,0,0,0,0,0,,,,,,,,,,,,,,,,,,,,,,,,,,,,,,,,,,0
82,,"2024-03-13 13:51:14",2,,,,,0,0,0,0,0,0,0,0,0,0,0,0,0,0,0,0,,,,,,,,,,,,,,,,,,,,,,,,,,,,,,,,,,0
83,,"2024-03-13 14:03:11",2,"2024-03-13 14:08:42",28,1,,0,1,0,0,0,0,0,0,0,0,0,0,0,0,0,0,,4,,0,0,"Surgical residency seems very intense and demanding. There are stories of residence not leaving the hospital for days. There seems to be no time for family and personal life, which was a big deterrent for me. ",,0,,1,4,4,4,4,4,2,2,4,1,1,4,4,1,"Minimal female representation in orthopaedics. It's important to have a strong support network in residency, which can be missing if you cannot relate to your co-residents, who are predominantly male.",,,,,,,,,,2
84,,"2024-03-13 14:30:40",2,"2024-03-13 14:35:39",23,1,,0,0,0,0,0,0,0,0,0,1,0,0,0,0,0,0,,2,,0,1,,,1," - told it is a bad lifestyle if I want to become a mother  - bad lifestyle for someone with an existing autoimmune disease   - stressful   - poor job market   - early mornings  - physically taxing   - toxic culture especially in residency ",2,4,4,3,4,2,2,3,2,2,2,1,3,1,"Male dominated ","Poor lifestyle, hard to make time for family ","Poor lifestyle, hard to make time for family ","Poor lifestyle, hard to make time for family ","Poor lifestyle, hard to make time for family  Male dominated ","Male dominated ","Male dominated ","Poor lifestyle, hard to make time for family   Male dominated ","Poor lifestyle, hard to make time for family   Male dominated ","Lack of diversity in certain subspecialties ",2
85,,"2024-03-13 14:33:34",2,"2024-03-13 14:36:52",24,2,,0,0,0,0,0,0,0,0,0,0,1,0,0,0,0,0,,3,,0,0,"Like medicine more than surgery","Better residency in terms of work-life balance, prioritizing student wellbeing.",0,,3,1,4,1,4,3,1,1,5,2,1,3,3,4,"Job prospects, residency hours.",,"Culture, residency hours, attending work-life balance",,,,,"Length of training, work-life balance",,,2
86,,"2024-03-13 14:34:41",2,"2024-03-13 14:35:38",30,1,,0,0,0,0,0,0,0,0,0,0,1,1,0,0,0,0,,3,,0,1,,,0,,4,3,4,2,4,4,4,1,4,4,2,2,2,4,,,,,,,,,,,2
87,,"2024-03-13 15:19:07",2,"2024-03-13 15:26:16",25,1,,1,0,0,0,0,0,0,0,0,0,0,0,0,0,0,0,,4,,0,1,"interesting mix of cases, like the procedural nature",,1,"Mostly preceptors from other specialties saying the lifestyle will be tough, especially as a female trainee. ",4,4,2,2,4,2,1,1,5,4,1,4,2,2," - hearing stories from female staff about how the 'ortho bro' culture was a deterrent to them  - the physicality of the surgical cases"," - the lifestyle including high caseload, emergent cases overnight"," - the need to be in-house even as staff"," - lack of job opportunities"," - male-dominated, less conducive to family planning","not much besides the competitiveness ","not much besides the competitiveness"," - long training   - lack of wellness support & stories about unhealthy work stress (eg. NSx resident suicide at my school)"," -long training  - poor lifestyle  - lack of job opportunities  - 'old boy's club'"," - the ubiquity of pursuing fellowships in the US to be competitive for urban jobs - and I really don't want to live in the US, even for a short while",2
88,,"2024-03-13 15:47:27",2,,,,,0,0,0,0,0,0,0,0,0,0,0,0,0,0,0,0,,,,,,,,,,,,,,,,,,,,,,,,,,,,,,,,,,0
89,,"2024-03-13 15:47:48",2,"2024-03-13 15:51:46",24,1,,0,0,0,0,0,0,0,0,0,0,0,1,0,0,0,0,,3,,0,0,"Long hours and difficulty balancing lifestyle. Toxic culture. ","More flexible career, less intense and toxic culture.",1,"""If you can imagine yourself being happy any specialty that's not surgery, choose that over surgery""",3,2,4,3,5,4,4,1,2,1,1,4,4,4,"Bro culture. Long hours. ","Long hours, tough lifestyle ","Call shifts and long hours make it difficult to sustain a career over a lifetime. ","High intensity/ stressful",,,,,,,2
90,,"2024-03-13 16:06:26",2,,,,,0,0,0,0,0,0,0,0,0,0,0,0,0,0,0,0,,,,,,,,,,,,,,,,,,,,,,,,,,,,,,,,,,0
91,,"2024-03-13 16:37:16",2,"2024-03-13 16:41:08",27,5,,0,0,0,1,0,0,0,0,0,0,0,0,0,0,0,0,,3,,0,0,"lifestyle, primarily. partially for health reasons as well.","probably not, honestly",1,"""If you can picture yourself doing anything but surgery, don't do surgery""  ""if you like spending less than 100 hours a week in the hospital, don't do surgery""  ""if you value your life, don't do surgery""",2,3,4,5,5,2,4,4,2,2,1,3,3,4,,,,,,,,,,,2
92,,"2024-03-13 17:19:07",2,"2024-03-13 17:27:34",32,1,,0,0,0,0,0,0,0,0,0,0,1,1,0,0,0,0,,4,,0,0,"Notoriously difficult work-life balance, and many surgeries were tedious to me after seeing them a few times.","Better work-life balance, less toxic cultures, happier residents, more job opportunity, less training required (not just fellowship expectations but expectations for masters or PhD, etc.) ",1,"Told by many surgical staff and residents to only do surgery if you could not ""live without cutting people"" or see yourself doing another specialty. Told to pursue anesthesiology if you enjoy being in an OR. ",3,4,5,4,4,4,4,2,5,2,2,5,4,2,"Unsure, haven't thought about it much, but probably  bias. ","Requirements for ++ training after/during residency. ","Work-life balance issues that persist behind residency, fears of being sued, poor outcomes ","Unsure ","Unsure ","Unsure ","Unsure ","Toxic culture, insane workload ","Unsure ","Already stated ",2
93,,"2024-03-13 20:00:09",2,,,,,0,0,0,0,0,0,0,0,0,0,0,0,0,0,0,0,,,,,,,,,,,,,,,,,,,,,,,,,,,,,,,,,,0
94,,"2024-03-13 21:38:35",2,,,,,0,0,0,0,0,0,0,0,0,0,0,0,0,0,0,0,,,,,,,,,,,,,,,,,,,,,,,,,,,,,,,,,,0
95,,"2024-03-13 22:01:52",2,"2024-03-13 22:11:45",23,1,,0,0,0,0,0,0,0,0,0,0,0,1,0,0,0,0,,2,,0,1,"The ability to follow patients into the most acute scenarios",,1,"From many surgical residents - essentially convey that it takes over your entire life and leaves very little behind. ",2,4,4,2,4,4,4,1,2,3,1,5,2,1,"Culture from staff ","Breadth of scope requiring an incredible amount of training in order to be skilled. ","Toxic and unsupportive culture. ","No program in Edmonton ",,,"Highly competitive - need to commit to it early",,,"The biggest thing is the need to practice & train so much in order to be a competent staff that most people end up making significant sacrifices in their personal life. ",2
96,,"2024-03-13 22:08:25",2,,,,,0,0,0,0,0,0,0,0,0,0,0,0,0,0,0,0,,,,,,,,,,,,,,,,,,,,,,,,,,,,,,,,,,0
97,,"2024-03-13 22:49:58",2,"2024-03-13 22:58:35",,1,,0,0,0,0,0,0,0,0,0,0,0,1,0,0,0,0,,2,,0,0,"The lifestyle is not for me. The hours and amount of time on call plus the really horrible stories I hear about surgical specialties. I also do not like the personalities it tends to attract as I find it's a very competitive and cut-throat environment which I am not interested in ","Better hours, better residency treatment, more focus on patient education and better interpersonal environment (especially as a learner)",1,"It was described to me from a few people that it was not a place for someone who isn't extremely tough and that you just have to accept that you will hate life for 5 to 10 years in residency/fellowship and that you will be getting verbally abused by preceptors throughout (even in clerkship) ",1,5,5,5,5,4,2,3,5,1,1,5,5,1,"It's a men's club. I have heard there are very few women in the specialty and I am not interested in having to constantly fight to be given the same opportunities as my male colleagues constantly","I have seen quite a few female surgeons in gen surg but I don't think any surg specialty is conducive to a good quality of life, especially if I want to have kids ","I have heard it's an extremely toxic environment for women residents to have children (ironically)","All of the vascular surgeons I have met have been men. One of which told our group full of women we would probably become family doctors but singled out our one male colleague as a potential surgeon ","I have heard it mostly men in the field and I have heard similar things to ortho about it ",,"For gunners ","Crazy amount of training years and horrible lifestyle ","Too many years of training ","I would be very worried that if I developed arthritis/ issues like that (which will happen with age) I won't be able to do the job I tried 20 years to do. It's too high risk for me",2
98,,"2024-03-13 22:54:25",2,,,,,0,0,0,0,0,0,0,0,0,0,0,0,0,0,0,0,,,,,,,,,,,,,,,,,,,,,,,,,,,,,,,,,,0
99,,"2024-03-13 23:33:57",2,"2024-03-13 23:41:48",25,1,,0,1,0,0,0,0,0,0,0,0,1,1,0,0,0,0,,2,,0,1,"Love the idea of procedures and working with my hands. ",,1,"Being discouraged due to the lifestyle. Wanting to enjoy my life and spend time with family/friends. Other physicians I know personally said not to pursue surgery unless it's the only thing I can see myself doing. ",2,4,5,2,4,2,2,2,3,3,1,4,4,2,"Strength/stature/culture ","Hours, workload, lack of female attendings, culture of ""living at the hospital""","Call schedule ",,"Male patients ",,,,"Culture and lifestyle",,2
100,,"2024-03-13 23:41:51",2,,,,,0,0,0,0,0,0,0,0,0,0,0,0,0,0,0,0,,,,,,,,,,,,,,,,,,,,,,,,,,,,,,,,,,0
101,,"2024-03-13 23:47:13",2,,,,,0,0,0,0,0,0,0,0,0,0,0,0,0,0,0,0,,,,,,,,,,,,,,,,,,,,,,,,,,,,,,,,,,0
102,,"2024-03-14 00:28:56",2,"2024-03-14 00:33:37",28,1,,0,0,1,0,0,0,0,0,0,0,0,0,0,0,0,0,,1,,0,1,"Enjoy hands on work",,1,"Specifically interested in orthopedic surgery. Was told I was ""too small"" for ortho. ",4,2,2,2,2,2,2,2,4,2,2,5,4,2,"Size/strength as the main barrier. Stigma against women in ortho. Still the most underrepresented field for women. ","Stigma against females- although this appears to be improving. ","As a female I feel this is widely accepted. From a male perspective, I could see patient barriers to wanting a male OBGYN. ",Unsure,"In previous rotations have noticed that most male patients do not prefer a female to perform sensitive exams. ",Unsure,"Unsure ","Have only met male mentors in this field before. ",Unsure,Nil,2
103,,"2024-03-14 00:35:35",2,,,,,0,0,0,0,0,0,0,0,0,0,0,0,0,0,0,0,,,,,,,,,,,,,,,,,,,,,,,,,,,,,,,,,,0
104,,"2024-03-14 00:46:45",2,"2024-03-14 00:51:05",23,1,,0,0,0,0,0,0,0,0,0,0,0,1,0,0,0,0,,2,,0,0,"The training is too long. I wouldn't wang that lifestyle. I am more interested in the medicine and connecting with people. ","the culture and the teaching environment improving ",0,,2,4,4,5,4,4,4,4,4,1,1,4,5,2,"The culture of orthopaedic surgery, lack of female representation ","Gender discrimination, family planning issues","The environment of OB/GYN feels toxic as a medical student observing the interactions of the team","Lack of spots ","'Mentor' in urology makes me feel discouraged about the specialty ",N/a,N/a,"Competitiveness and God complex ","Competitiveness and environment and extent of training ",,2
105,,"2024-03-14 01:00:42",2,"2024-03-14 01:08:21",25,2,,0,0,0,0,0,0,0,0,0,0,0,1,0,0,0,0,,2,,0,0,"Poor job prospects, long training path taking into account fellowships","Improved job market",1,"Advised of the long residency hours and difficulty finding a job in major cities upon graduation",3,3,4,5,3,1,1,1,3,4,2,1,1,4,None,None,"Feel disadvantaged as a male applicant","Very small residency, feel it would be difficult to get into having not been gunning from it early on","Popular as a lifestyle surgical specialty. It may be difficult to get into having not been gunning from it early on.","Popular as a lifestyle surgical specialty. It may be difficult to get into having not been gunning from it early on.","Popular as a lifestyle surgical specialty. It may be difficult to get into having not been gunning from it early on.",None,None,"Haven't enjoyed being in the OR.     Concerned it may be hard to have a family in surgery given long length of training with long hours and possible need to uproot for job prospects. ",2
106,,"2024-03-14 01:56:48",2,,,,,0,0,0,0,0,0,0,0,0,0,0,0,0,0,0,0,,,,,,,,,,,,,,,,,,,,,,,,,,,,,,,,,,0
107,,"2024-03-14 02:57:34",2,"2024-03-14 03:00:41",23,2,,1,0,0,0,0,0,0,0,0,0,0,0,0,0,0,0,,2,,0,0,"Quality of life and future plans","Better work hours, and despite being really interested in the procedures and theory behind it, I find standing up and having procedures get drawn out for a long time to be kind of boring. ",0,,3,1,4,5,3,3,1,1,4,4,2,1,1,1,,"Very long hours and calls ","I feel like men are kind of discouraged to do this ",,,,,"Too much stress and long surgeries ",,,2
108,,"2024-03-14 08:35:37",2,,,,,0,0,0,0,0,0,0,0,0,0,0,0,0,0,0,0,,,,,,,,,,,,,,,,,,,,,,,,,,,,,,,,,,0
109,,"2024-03-14 09:19:53",2,"2024-03-14 09:23:08",,1,,0,0,0,0,0,0,0,0,0,0,0,1,0,0,0,0,,3,,0,0,"Considered it but the deciding factor was how much I wanted all my work to be with my hands.",No.,0,,3,3,3,3,4,3,3,2,4,3,2,4,3,4,"Male dominated ","Post call day culture ",NA,NA,NA,NA,NA,NA,"Male dominated ",No,2
110,,"2024-03-14 09:48:20",2,,,,,0,0,0,0,0,0,0,0,0,0,0,0,0,0,0,0,,,,,,,,,,,,,,,,,,,,,,,,,,,,,,,,,,0
111,,"2024-03-14 14:29:52",2,"2024-03-14 14:33:10",25,1,,0,1,0,0,0,0,0,0,0,0,0,0,0,0,0,0,,2,,0,0,"bad worklife balance ","better work life balance, more inclusive for women",0,,1,5,5,5,5,5,5,1,1,1,1,5,5,2,"sounds to macho and most people are buff/sporty","bad work life balance, everyone hates themselves ","people are mean and they have horrible work life balance ","bad work life balance ","good worklife balance, but do not want to deal with this kind of work ","competitive ","competitive, vain ","bad work life balance ","extremely sexist, like cardiology you will have patients who sexually harass you most likely, and colleagues are sexist ","sexism  lack of female colleagues  horrible work life balance ",2
112,,"2024-03-14 14:45:15",2,,,,,0,0,0,0,0,0,0,0,0,0,0,0,0,0,0,0,,,,,,,,,,,,,,,,,,,,,,,,,,,,,,,,,,0
113,,"2024-03-14 16:27:21",2,"2024-03-14 16:32:51",25,1,,0,1,0,0,0,0,0,0,0,0,0,0,0,0,0,0,,4,,0,0,"Did not enjoy surgical environment, long training hours and hope to match closer to family i.e. competitive","Less strenuous residency, not having to be on call for rest of life, desire for good work-life balance, not comfortable with alternatives to childcare practices seen commonly among surgical attendings",0,,3,2,4,5,5,3,2,4,4,2,1,4,4,2,"Boys club","Long hours","Unsupportive OR environment",Toxic,"Boys club","Highly competitive","Highly competitive","Highly competitive, poor work life balance, intense personalities","Highly competitive",,2
114,,"2024-03-14 17:22:58",2,"2024-03-14 17:39:09",23,1,,0,0,0,0,0,0,0,0,0,0,0,1,0,0,0,0,,1,,0,0,"I do want to have a family and I think family medicine seems to have a much better work life balance than most of the surgical specialties. Residency also seems pretty terrible in the surgical specialties.","Better work life balance, especially in residency. ",0,,2,5,5,4,4,3,2,2,2,3,2,3,2,4,"This is one that I do feel is heavily male dominated. The long residency and fellowship is also a deterrent. ","How competitive it is to get into, and also the lifestyle during residency seems like a barrier. ","I've heard that a lot of OB/GYN surgeons are quite rude and grumpy and I'm a bit afraid that residency/the OB/GYN lifestyle is what made them grumpy and detached from their patients. ",N/A,N/A,N/A,"Extremely competitive to get into.","Long training and work days.",N/A,"I want to have a longitudinal relationship with my patients and help them work on their health as a whole and I fee like the surgical specialties are quite detached from their patients.",2
115,,"2024-03-14 19:09:15",2,"2024-03-14 19:23:05",,2,,0,0,0,0,0,0,0,0,0,0,0,0,0,1,0,0,"North African Indigenous",999,,0,0,"I dreamed of becoming a urologist but got rejected twice in a row.","Accessibility to residency programs, especially for low income / 1st generation medical students.",1,"""You need a plug to get in""  ""You will burn out"" ",2,4,2,3,3,2,5,2,1,2,1,5,4,1,,,,,"Lack of ethnic representation among mentors.  Gender bias specific to urology favors women a bit more nowadays because of historical lack of representation, which is great for increasing diversity but is to the detriment of male candidates.   very little room in residency programs.",,,,,"Necessity of having a history of ""gunning"" for surgery; meaning having mentors very early on, and being exposed prior to clerkship (usually seen in people who are not 1st gen medical students). no room for late bloomers",2
116,,"2024-03-14 22:44:16",2,"2024-03-14 22:48:57",29,1,,0,0,0,0,0,0,0,0,0,0,0,1,0,0,0,0,,3,,0,0,"Lenght training/need fellowship, poor job market ortho, brutal hours residency","More community programs, more personal life conciliation",0,,2,4,5,5,4,3,4,4,5,2,2,4,2,4,"Poor job market","Lots of call","Harsh personality of coworkers, 24 hour calls no post call day as staff",N/a,"Male dominated, poor knowledge of female oriented practice",N/a,Competitiveness,"Long training","Very long training","Wanting to have time with children while having them during residency because of older age",2
117,,"2024-03-14 22:44:51",2,"2024-03-14 22:49:49",25,1,,0,0,0,0,0,0,0,0,0,0,0,1,0,0,0,0,,4,,0,1,"I love procedures and the tangible impact you make on patient's lives. Can't see myself doing anything else. ",,1,"I was told by a female surgeon in the subspecialty I ended up applying to not to do it and that if she could do it again, she would have done pathology. She's the only one who told me not to do surgery, and the only female surgeon in that subspecialty at my clerkship site. I didn't let it deter me however. I still applied to otolaryngology. ",4,2,2,2,2,2,2,2,5,3,1,5,2,1,"I was told by a male ortho attending that my hands were too small to be an orthopedic surgeon. I wear size 6 gloves and am 5 feet tall. I told the site rotation lead who was a female ortho surgeon and she reassured me if I wanted to do it I could, but I didn't feel like I belonged. ",,,,,,,,,"No. I have seen the women who have broken the proverbial glass ceiling and have accomplished the goals I have for myself. I know it's not easy but I want to be a surgeon and know the road will be challenging but that doesn't change that I truly feel this is my purpose and calling.",2
118,,"2024-03-14 22:45:38",2,"2024-03-14 22:51:47",28,1,,0,0,0,0,0,0,0,0,0,0,1,1,0,0,0,0,,4,,0,0,"I didn't like the OR. I like having control over my schedule.","The residency is really intimidating. ",1,"I think it's common for people to say ""if you can picture yourself doing anything else, do that""",2,5,5,2,4,3,2,2,4,3,2,4,4,2,"Boys club","I've heard stories of gen surg programs being unsupported of female residents during pregnancy. ","I've never felt so disregarded as on this rotation. I would be in a conversation and was expected to just pretend I didn't exist.","no interest in this","no interest in this","no interest in this","no interest in this","no interest in this","There were no female attendings with kids.","I remember going to a career panel in 1st year medical school and the topic of families came up. All of the female surgeons told stories about how difficult it was and how unsupported they felt by their residency program. One told the story of attendings joking that she didn't know how to use birth control. As an older female medical student who would like to have children this was a huge deterrent to me. ",2
119,,"2024-03-14 23:03:00",2,"2024-03-14 23:04:44",29,1,,0,0,1,0,0,0,0,0,0,0,0,0,1,0,0,0,,3,,0,1,,,1,,2,5,3,2,4,4,4,2,3,3,1,5,4,1,,,,,,,,,,,2
120,,"2024-03-14 23:12:06",2,"2024-03-14 23:18:49",25,1,,0,1,0,0,0,0,0,0,0,0,0,0,0,0,0,0,,4,,0,1,"Interested in ability to make a direct impact, enjoy working with my hands",,1,"Told to pursue a specialty where I would have more time to raise children",4,3,2,1,2,2,2,1,5,1,1,5,4,2,"""Boys club"" culture within the specialty ","""Boys club"" culture within the specialty ","High stress, busy call, did not personally enjoy the pathologies, automatic assumption that a female student interested in surgery=an OBGYN ",,"Patients reluctance to be seen by female surgeons",,,"Long hours/call not conducive to family/life outside the hospital ","Long hours/call not conducive to family/life outside the hospital ",,2
121,,"2024-03-14 23:18:25",2,"2024-03-14 23:25:11",26,1,,0,1,0,0,0,0,0,0,0,0,0,0,0,0,0,0,,4,,0,1,"Interested in the operative aspect and variety. Enjoy the bread and butter of general surgery.",,1,"Told to reconsider because its hard to start a family on one instance. Otherwise, i was usually highly encouraged. ",2,2,2,2,2,2,4,2,4,4,1,4,2,2,"Male dominated specialty creates barriers for mentorship and for forming connections that allow for career advancement and opportunities.","Long training requiring msot to pursue research and fellowship. Rigorous training making it tough to take time off for fertility/family planning.","Bad culture. Female dominated but oddly a very judgmental culture. ","Male dominated","Male dominated ","I do Not have enough exposure ","I do Not have enough exposure ","I do Not have enough exposure ","I do Not have enough exposure ","Fear of intimidation from male attendings ",2
122,,"2024-03-14 23:19:43",2,"2024-03-14 23:23:22",25,1,,0,0,0,0,0,0,0,0,0,1,0,0,0,0,0,0,,4,,0,0,"Lifestyle and hours during residency ","more time off for mat leave, post call days, less call, less hours in the hospital ",0,,2,4,5,4,4,4,2,2,4,2,2,4,4,1,"make dominant and witnessed bullying culture ","long hours and disrespect towards female residents observed during clerkship","unkind culture towards other residents ",,,"Long training, some programs do not have post call days, limited number of female mentors ","Limited number of supportive female mentors and residents ",,,,2
123,,"2024-03-14 23:46:53",2,,,,,0,0,0,0,0,0,0,0,0,0,0,0,0,0,0,0,,,,,,,,,,,,,,,,,,,,,,,,,,,,,,,,,,0
124,,"2024-03-14 23:47:18",2,"2024-03-14 23:52:05",23,1,,0,0,0,0,0,0,0,0,0,0,1,0,0,0,0,0,,1,,0,1,,,1,"Just general discouragement because the life style is so busy",4,1,2,1,1,1,3,1,3,2,1,4,1,4,"requires interest in sports",,,,,,,"Boys club, very heavy work load and hours","Heavy workload and hours",,2
125,,"2024-03-14 23:51:56",2,,,,,0,0,0,0,0,0,0,0,0,0,0,0,0,0,0,0,,,,,,,,,,,,,,,,,,,,,,,,,,,,,,,,,,0
126,,"2024-03-15 00:31:22",2,,,,,0,0,0,0,0,0,0,0,0,0,0,0,0,0,0,0,,,,,,,,,,,,,,,,,,,,,,,,,,,,,,,,,,0
127,,"2024-03-15 00:49:35",2,"2024-03-15 01:08:12",25,1,,0,0,0,0,0,0,0,0,0,0,0,1,0,0,0,0,,4,,0,0,"Decided that the lifestyle wasn't worth it for me. Was worried I wasn't going to be able to continue my hobbies and start a family.","I wish the culture of surgery was better. I felt like I had to give up my life outside of medicine to pursue a surgical residency, which sucks because it was dream but I felt like I had to let go of that.  I saw a lot of residents during my surgical blocks of clerkship who were miserable and regretting choosing surgery because they were getting minimal sleep, were stressed, and were having troubles maintaining a life outside of medicine. I get that you have to work hard so that you are knowledgeable coming out of residency but I wish there was more of a place for balance and residents were more supported ",1,"At least more than 5 separate occasions with surgical residents during clerkship, I was told not to do surgery and that they had regrets. Many said they probably would've been happier choosing something else. That stuck with me.",1,5,5,5,5,5,3,1,3,2,4,4,4,2,"Mostly men. Seems like you need to be physically strong for some of the procedures. Lack of female mentors.","Seemed to have the worst culture in terms of workload. Some of the staff also stick out as not being the kindest to med students","Western specifically is known to have a poor culture for this specialty. Many of my friends from other schools know this as well. Mainly that staff and residents are not kind to students and even each other (which is sad) ","Haven't had much exposure to this specialty ","Have only really heard good things","Competitive but western my experience with residents and staff has always been positive","Competitive ","Years of training ","Lifestyle, gruelling residency ",,2
128,,"2024-03-15 04:37:21",2,,,,,0,0,0,0,0,0,0,0,0,0,0,0,0,0,0,0,,,,,,,,,,,,,,,,,,,,,,,,,,,,,,,,,,0
129,,"2024-03-15 06:44:45",2,,,,,0,0,0,0,0,0,0,0,0,0,0,0,0,0,0,0,,,,,,,,,,,,,,,,,,,,,,,,,,,,,,,,,,0
130,,"2024-03-15 07:43:07",2,"2024-03-15 08:07:52",29,1,,0,0,0,0,0,0,0,0,0,0,0,1,0,0,0,0,,4,,0,1,"Immediate satisfaction of ""fixing"" something, working with my hands, love the OR",,1,"Nearly every non-surgical staff I have told about wanting to pursue surgery, discouraged me from doing so in some way (some more subtle than others). For most people it was comments like ""do you hate your life?"", ""do you not want kids"" or ""I'm worried for you"". There was always a ""are you sure?"" in the conversation too which my classmates wanting to pursue medical specialties never got. ",3,2,3,2,3,4,1,1,5,4,2,5,2,1,"Strength requirements for hip replacements ","The large scopes used for colonoscopy/EGD aren't optimized for use by people with smaller hands (which happen to often be females)",None,None,"Patient factors - male patients preferring male clinicians ",None,None,"Length of training (including CIP) may be a deterrent for those wanting to start a family ",None,"Residency programs not outwardly welcoming women starting families during residency - many of us start residency in our late 20s / early 30s and with fertility issues being so pervasive amongst surgical trainees, it should be no surprise that female residents start families during residency and they should be well supported when doing so (I.e. clear policies on leave that are easy to find, not getting grief from staff about doing a very normal human thing, etc.). I applied to a surgical specialty this year and my rank list was certainly impacted by whether or not the program brought up supporting leave in residency in their meet and greet/social events. ",2
131,,"2024-03-15 10:08:25",2,"2024-03-15 10:18:29",26,1,,0,0,0,0,0,0,0,0,0,0,1,0,0,0,0,0,,3,,0,1,"I love working with my hands and I love being in the OR and I love anatomy. ",,0,,2,5,2,2,3,2,4,3,4,1,1,4,4,2,"Boys club","Less barriers, but female surgeons may be encouraged to see more breast cases than their male peers. One surgical group in my area unifficially designated their female partner as the breast surgeon. She sees all the breast issues. Obviously she had a say in the matter and agreed but I don't think that kind of thinking would have happened if she was a male. ","This might be a little more bias towards females ","Not enough information ","Biased towards males but for the same reason Obgyn is biased towards females. At that point I think patient preferences for male or female physicians for more sensitive issues is ok. (Utah has very few female Obgyns so patients are ""forced"" to see male obgyns. The males are great and I've worked with them, but still young patients may want to see a female provider)","Some bias toward men, but more female representation is happening. This is the field I'm planning on pursuing. ","No barriers ","Boys club. Length of training is insane for me personally. Planning to have children around this residency would be a nightmare. Fertility preservation would be a concern. ","Not enough information. ","At this time in my life, I don't really have any big things that would prevent me from pursuing that career. If I currently had any children that would probably influence my decision. But I don't right now so why would I hold myself back? ",2
132,,"2024-03-15 12:05:13",2,,,,,0,0,0,0,0,0,0,0,0,0,0,0,0,0,0,0,,,,,,,,,,,,,,,,,,,,,,,,,,,,,,,,,,0
133,,"2024-03-15 16:42:41",2,,,,,0,0,0,0,0,0,0,0,0,0,0,0,0,0,0,0,,,,,,,,,,,,,,,,,,,,,,,,,,,,,,,,,,0
134,,"2024-03-15 18:37:32",2,"2024-03-15 18:39:13",27,1,,0,0,0,0,0,0,0,0,0,1,0,0,0,0,0,0,,4,,0,1,,,1,"By peers, staff, family",3,4,5,2,5,5,3,2,4,4,2,4,2,2,,,,,,,,,,,2
135,,"2024-03-15 21:11:08",2,"2024-03-15 21:15:41",26,1,,0,0,0,0,0,0,0,0,0,0,1,0,0,0,0,0,,1,,0,0,"It has been presented as having horrible work life balance, being overworked and very difficult to have a family. ","All of the things mentioned above",1,"A resident I met at a bar who had just switched from surgery into family medicine because they were completely overworked and burned out. They said that they were finally beginning to feel like themselves again now that they were out and strongly advised not to go into surgery if you want any sort of happiness. ",2,5,4,2,4,2,4,2,3,1,1,4,4,2,,,,,,,,,,"Ability to take a maternity leave without penalization (formal or informal) ",2
136,,"2024-03-16 15:37:17",2,"2024-03-16 15:41:19",29,2,,0,1,0,0,0,0,0,0,0,0,0,0,0,0,0,0,,1,,0,0,"Work-life balance, competitiveness, culture",Call-schedule,1,"Residents describing the bad work-life balance who are in a surgery specialty ",2,3,3,4,3,4,3,3,3,2,1,3,3,4,,,,,,,,,,,2
137,,"2024-03-16 17:16:25",2,"2024-03-16 17:24:42",23,1,,0,0,1,0,0,0,0,0,0,0,0,0,0,0,0,0,,3,,0,0,"Negative experiences with both surgeons and surgical residents, hostile learning environment, condescending staff, many attendings I work with are friendly with residents and do lots of teaching with them but barely interact with medical students, deterring in terms of finding a mentor who would encourage you to pursue their surgical specialty, lots of call, pressure when in the OR to know what to do",,0,,2,4,5,3,3,4,4,2,4,2,1,5,4,4,"Male-dominated field",,"Lots of medico-legal issues",,,"High level of competitiveness","High level of competitiveness",,,,2
138,,"2024-03-18 10:00:45",2,,,,,0,0,0,0,0,0,0,0,0,0,0,0,0,0,0,0,,,,,,,,,,,,,,,,,,,,,,,,,,,,,,,,,,0
139,,"2024-03-18 12:41:49",2,,,,,0,0,0,0,0,0,0,0,0,0,0,0,0,0,0,0,,,,,,,,,,,,,,,,,,,,,,,,,,,,,,,,,,0
140,,"2024-03-18 14:25:56",2,,,,,0,0,0,0,0,0,0,0,0,0,0,0,0,0,0,0,,,,,,,,,,,,,,,,,,,,,,,,,,,,,,,,,,0
141,,"2024-03-18 14:35:53",2,,,,,0,0,0,0,0,0,0,0,0,0,0,0,0,0,0,0,,,,,,,,,,,,,,,,,,,,,,,,,,,,,,,,,,0
142,,"2024-03-18 15:37:06",2,"2024-03-18 15:40:51",24,2,,0,0,0,0,0,0,0,0,0,0,1,1,0,0,0,0,,1,,0,1,,,0,,2,4,3,4,4,2,2,1,3,3,2,2,1,3,,,,,,,,,,,2
143,,"2024-03-18 15:37:31",2,"2024-03-18 15:44:32",28,1,,0,1,0,0,0,0,0,0,0,0,0,0,0,0,0,0,,1,,0,0,"Long hours, poor work life balance, long residency, toxic residency environment, expectation that job comes before anything else ","Better work life balance. Better pay within residency equating to the hours worked. Reduced hours working once in a staff position ",0,,2,5,5,5,5,4,4,4,2,1,1,4,4,4,"Poor job opportunities post training. Has a reputation as being a ""frat boy"" specialty. Personal experience with orthopaedic surgeons has been poor. ","Long hours. Call. ","I would actually be very interested in this specialty if the work life balance wasnt so terrible ","No exposure thus far ","Witnessed a bad outcome during an observership which has deterred me ","Not particularly interested ","Interested but long residency not so much ","Very long residency with few jobs available in the cities I would want to work in ","Too competitive, not particularly interested ","Feels like things can change so rapidly and a routine procedure could lead to death which is scary",2
144,,"2024-03-18 15:37:43",2,"2024-03-18 15:42:17",25,1,,1,0,0,0,0,0,0,0,0,0,1,1,1,0,0,0,,4,,0,0,"Poor lifestyle: poor flexibility of hours, no desire to be on call, poor culture/reputation for shame based learning, long residency ","Primarily the culture (especially shame based learning) and the long hours with call (I can't see this changing)",0,,2,5,5,4,5,5,3,5,5,4,2,2,4,2,"Bro culture","Shame based learning","Other surgical specialties thinking OBGYN is not surgical, lots of litigation",,,,,,,,2
145,,"2024-03-18 15:37:45",2,"2024-03-18 15:39:36",27,1,,0,0,0,0,0,0,0,0,0,1,0,0,1,0,0,0,,1,,0,1,,,1,,1,5,3,3,4,4,5,3,1,3,3,3,3,4,,,,,,,,,,,2
146,,"2024-03-18 15:37:56",2,,,,,0,0,0,0,0,0,0,0,0,0,0,0,0,0,0,0,,,,,,,,,,,,,,,,,,,,,,,,,,,,,,,,,,0
147,,"2024-03-18 15:39:04",2,"2024-03-18 15:48:45",26,1,,0,0,0,1,0,0,0,0,0,0,0,0,0,0,0,0,,2,,0,0,"Poor work-life balance, lifestyle,","Better work-life balance, fewer on-call times, better job availabilities. Better support for maternity leaves ",1,"A former Gen Surgery told me that some of the cons of surgery are the legal issues and the high risk of litigation. ",2,5,5,2,5,5,4,4,1,3,3,5,4,2,,,,,,,,,,,2
148,,"2024-03-18 15:42:57",2,"2024-03-18 15:52:14",23,1,,1,0,0,0,0,0,0,0,0,0,0,0,0,0,0,0,,2,,0,0,"Not interested in performing surgeries (squeamish, disinterested in anatomy, low confidence in dexterity/hand-eye coordination), dissuaded by the lifestyle and brutal residency culture. ","Better hours and a more supportive environment would help, but I think my disinterest in a procedural specialty is primarily a personal factor with minimal structural influence  ",1,"a close friend in clerkship, who has very similar lifestyle and values to me, was told by a surgical resident she should not pursue surgery because she has too many hobbies. She passed this on to me. ",2,2,4,2,4,4,4,1,3,2,2,3,2,4,interest,interest,"interest, stories of toxic culture at my home institution","interest, long cases",interest,interest,"interest, known competitiveness of program entry","interest, long residency ",interest,,2
149,,"2024-03-18 15:43:31",2,"2024-03-18 15:45:44",31,2,,0,0,0,0,0,0,0,1,0,0,0,1,0,0,0,0,,3,,0,0,"lifestyle. ","no. ",0,,3,1,1,5,4,4,1,1,4,3,3,1,3,4,"I dont like bones",,,,,,,,,"no ",2
150,,"2024-03-18 15:44:20",2,"2024-03-18 15:51:43",27,1,,0,0,0,0,0,0,0,0,0,0,0,1,0,0,0,0,,4,,0,0,"no strong interest in surgery, lifestyle too rigorous, did not feel that residents were similar to me in personality "," -better hours  -more supportive resident community",0,,3,4,5,3,5,4,2,2,5,3,2,3,4,4," -""ortho bro"" stereotype "," -perceived as ""mean""   -very long hours, high expectations of residents "," -little control over hours   -have heard it perceived as ""not a real surgical soecialty"" by other surgeons ","No significant experience/perceptions on this "," -men may want a male doctor for this area of medicine   -definitely feels like a male specialty ","No significant experience in this area ","No significant experience in this area "," -have heard that hours are very bad, would be a barrier for me personally ","No significant experience in this area ",,2
151,,"2024-03-18 15:46:11",2,"2024-03-18 15:49:49",23,1,,0,0,0,0,0,0,0,0,0,0,1,0,0,0,0,0,,2,,0,0,"Horror stories about work life balance, call shifts, toxic environment (especially with Ortho and some others).","Change in social environment. Some personalities (quieter, less social folk) seem not to flourish. Also, attendings in some specialities are famously toxic (OBGYN, ortho, general surgery, plastics) and would need to change generations and hands.",1,"female resident  in surgery describing their experience.",1,1,5,4,5,3,5,1,4,4,1,5,5,4,,,,,,,,,,,2
152,,"2024-03-18 15:48:39",2,,,,,0,0,0,0,0,0,0,0,0,0,0,0,0,0,0,0,,,,,,,,,,,,,,,,,,,,,,,,,,,,,,,,,,0
153,,"2024-03-18 15:53:23",2,"2024-03-18 16:00:20",24,1,,0,0,0,0,0,0,0,0,0,1,0,0,0,1,0,0,"North African",1,,0,0,"There should be a maybe option here. I have not decided yet.","Improved work/life balance. I've heard from surgical residents that 15 hour days are a normal occurrence - that doesn't leave time to do basic daily activities to take care of yourself, much less maintain interpersonal relationships. ",1,"I've been told by people outside of medicine that I should pursue family medicine because it would give me time to focus on my future family, as a woman.",2,1,4,2,5,4,3,3,3,2,2,3,4,4,"""boys club"" reputation",,,,,,,"Extremely long hours and long residency",,,2
154,,"2024-03-18 15:55:07",2,"2024-03-18 15:58:03",27,2,,1,0,0,0,0,0,0,0,0,0,0,0,0,0,0,0,,1,,0,0,"Long hours in training (residency) and in career ","Maybe if there's a better work life balance, such as shorter shifts or more flexible scheduling     Also, because surgical specialities are more competitive when looking for jobs",1,"Said I have dumb hands",2,4,5,3,4,4,2,4,3,3,1,5,5,4,,,,,,,,,,,2
155,,"2024-03-18 16:00:12",2,"2024-03-18 16:02:10",25,1,,0,0,0,0,0,0,0,0,0,1,1,0,0,0,0,0,,4,,0,0,Lifestyle,,0,,1,5,5,5,5,5,2,2,4,1,1,,5,2,,,,,,,,,,,2
156,,"2024-03-18 16:13:13",2,"2024-03-18 16:15:56",27,2,,0,0,0,0,0,0,0,0,0,0,1,1,0,0,0,0,,2,,0,0,"0 interest in surgery as a technique. ","no, just not interested in performing surgery itself. ",0,,1,4,5,4,5,2,1,1,5,4,4,2,1,4,,,,,,,,,,,2
157,,"2024-03-18 16:23:27",2,"2024-03-18 16:35:05",30,2,,0,0,0,0,0,0,0,0,0,0,1,1,0,0,0,0,,3,,0,0,"I do not enjoy the stress of the operating room; the training is too rigorous and long for my preference; the residency match process is too competitive; I am seeking a good work-life balance in my career and I see that being a challenge in surgery ","I don't think there would be anything specific that could change my perspective. It is a challenging discipline by nature, which why such rigorous training and long hours are required. The discipline inherently requires perfection of hands-on skills in the operating, which you have to enjoy practicing in order to master. ",1,"I had a vasovagal episode during a surgical procedure at one time and was told that ""perhaps other specialties may suit me better"". It was said in a well-meaning manner, however the undertone was that I would not be well suited for surgery. I did not take major offense because I did not have interest in a surgical discipline, but I could see how someone interested in surgery might be discouraged. ",1,5,5,5,5,5,2,4,5,4,3,2,1,4,"Reputation is that it is a male-dominated specialty. An ""old boys club"", I have heard. ",,"Reputation is that it is a female-dominated specialty, with males seen as ""out of place"".",,,,,"Has the reputation for being the most challenging discipline and training program in medicine. ",,,2
158,,"2024-03-18 16:32:02",2,,,,,0,0,0,0,0,0,0,0,0,0,0,0,0,0,0,0,,,,,,,,,,,,,,,,,,,,,,,,,,,,,,,,,,0
159,,"2024-03-18 16:35:49",2,"2024-03-18 16:38:13",,1,,1,0,0,0,0,0,0,0,0,0,0,0,0,0,0,0,,2,,0,1,,,0,,2,4,4,4,4,3,1,3,2,3,2,4,4,2,,,,,,,,,,,2
160,,"2024-03-18 16:39:42",2,,,,,0,0,0,0,0,0,0,0,0,0,0,0,0,0,0,0,,,,,,,,,,,,,,,,,,,,,,,,,,,,,,,,,,0
161,,"2024-03-18 16:42:47",2,"2024-03-18 16:46:34",25,1,,0,0,0,0,0,0,0,0,0,0,0,1,0,0,0,0,,2,,0,0,"I want to have children and not have the demands of a surgical residency ","More maternity considerations",0,,2,5,4,4,4,1,3,3,2,1,1,5,2,4,Strength,"Time demands","On call","Residency demands","Residency demands","Residency demands","Residency demands","Residency demands","Residency demands",,2
162,,"2024-03-18 16:52:59",2,"2024-03-18 16:55:32",22,1,,0,0,0,0,0,0,0,0,0,0,0,1,0,0,0,0,,1,,0,0,"Not comfortable with cutting people",,0,,2,3,5,4,5,5,1,1,1,3,2,3,3,4,"i feel i'd be too weak","not comfortable with the workload","poor work life balance","not comfortable with the workload","not interested in this specialty","not interested in this specialty","not comfortable with the workload","not comfortable with the workload","not comfortable with the workload",,2
163,,"2024-03-18 17:14:51",2,,,,,0,0,0,0,0,0,0,0,0,0,0,0,0,0,0,0,,,,,,,,,,,,,,,,,,,,,,,,,,,,,,,,,,0
164,,"2024-03-18 17:16:16",2,,,,,0,0,0,0,0,0,0,0,0,0,0,0,0,0,0,0,,,,,,,,,,,,,,,,,,,,,,,,,,,,,,,,,,0
165,,"2024-03-18 17:17:45",2,"2024-03-18 17:19:53",27,2,,0,0,0,0,0,0,0,0,0,0,0,1,0,0,0,0,,4,,0,0,"Poor work life balance","Better training experience and work life balance",1,"Disparaging comments about residency workload and career prospects.",2,3,5,3,5,2,1,1,5,5,3,,2,1,"Male dominated","Poor quality of life","Toxic culture for co-residents","demanding staff",none,none,competitive,"heavy workload","heavy workload",,2
166,,"2024-03-18 17:22:47",2,"2024-03-18 17:32:10",25,1,,0,0,0,0,0,0,0,0,0,0,1,0,0,0,0,0,,3,,0,1,"Love the hands-on, fast paced, high acuity nature of it and felt most like where I belonged",,1,"No serious comments or anything directed at me, but plenty of people have told me to choose anything but surgery if you can avoid it",3,2,2,2,2,2,2,2,4,4,3,4,2,2,"""Bro"" stereotype, mostly male, job market, call schedules ","Busy lifestyle, specialty was previously known to have a bit of a toxic culture","Female dominated, focus on women's health ","Small subspecialty so competitive, very challenging hours","possible bias against females due to large patient population of males","Increasing interest in the field therefore general competition, knowledge about quite a broad spectrum of topics/systems ","Very competitive, research required","Very niche, competitive, research driven (almost requirement to get PhD)","Competitive, gruelling hours and work, sick patients, long residency ",,2
167,,"2024-03-18 17:28:07",2,"2024-03-18 17:43:28",,2,,0,0,0,0,0,0,0,0,0,0,1,0,0,0,0,0,,4,,0,0,"Culture, work hours, post-call operating being unsafe","culture around feedback and teaching styles are outdated and not up to date with evidence. Post-call operating is expected and residents thus need to do it despite breaching working hours. Rampant narcissism and high egos that often makes operating rooms toxic for most involved. ",0,,1,3,5,2,5,5,2,1,5,2,1,4,3,4,,,,,,,,,,,2
168,,"2024-03-18 17:28:23",2,"2024-03-18 17:33:16",36,1,,0,0,0,0,0,0,0,0,0,1,0,0,0,0,0,0,,4,,0,0,"Lifestyle is incompatible with what I'm looking for.","Better work life balance.",0,,2,5,1,1,4,2,3,3,4,2,2,3,3,4,,,"By far the most toxic culture and lack of professionalism.",,,,,,"This is the only one I was really considering but the hours and lifestyle during residency and beyond is not compatible with the life I want to live. ",,2
169,,"2024-03-18 17:47:58",2,"2024-03-18 17:52:31",,1,,0,0,0,0,1,0,0,0,0,0,0,1,1,0,0,0,,2,,0,1,procedural,,1,"administration explicitly vocalized my inability to pursue a surgical speciality due to cultural expectations  ",3,3,2,2,2,2,3,1,3,2,2,4,1,1,,,,,,,,,,,2
170,,"2024-03-18 18:54:07",2,"2024-03-18 19:01:44",26,2,,0,1,0,0,0,0,0,0,0,0,0,0,0,0,0,0,,1,,0,1,"The work seems very rewarding",,1,"This was by various friends who are in upper year med as well as attendings and residents at other institutions. Have also heard about strong nepotism in hiring practicing for attending surgeon positions",2,5,5,1,3,5,3,5,3,3,2,3,3,1,"Poor job market, nepotism in hiring","Nepotism in hiring, appears to be incompatible with having a quality family life","As a male, I am not as interested","Insane hours, incompatible with having a quality family life/relationship","long hours","None at the moment","long hours, ","long training time, insane hours","insane hours","I am interested in doing translational research and surgery doesn't seem like a good fit because there would barely be enough time left over to do research (not sure about protected research time as an attending)",2
171,,"2024-03-18 18:54:22",2,,,,,0,0,0,0,0,0,0,0,0,0,0,0,0,0,0,0,,,,,,,,,,,,,,,,,,,,,,,,,,,,,,,,,,0
172,,"2024-03-18 19:35:25",2,,,,,0,0,0,0,0,0,0,0,0,0,0,0,0,0,0,0,,,,,,,,,,,,,,,,,,,,,,,,,,,,,,,,,,0
173,,"2024-03-18 19:52:41",2,,,,,0,0,0,0,0,0,0,0,0,0,0,0,0,0,0,0,,,,,,,,,,,,,,,,,,,,,,,,,,,,,,,,,,0
174,,"2024-03-18 21:30:37",2,"2024-03-18 21:34:10",28,2,,0,0,0,0,0,0,0,0,0,0,1,1,0,0,0,0,,3,,0,0,"Not interested in that area of medicine, feel like I have different set of skills that would be suited elsewhere.","I believe that my skills as a physician would be better suited in other areas of medicine.    However, the long hours, call shifts, and stereotypical negative atmosphere of residency in surgical fields definitely further reduce my interest in these areas",0,,2,4,5,5,5,5,4,3,2,2,1,2,3,4,,,,,,,,,,,2
175,,"2024-03-18 22:42:32",2,"2024-03-18 22:46:09",25,1,,0,0,0,0,0,0,0,0,0,0,1,1,0,0,0,0,,2,,0,0,"The hours and length of training are not conducive to having a family.","I would have considered it if I didn't hear that every surgical subspeciality does not lend itself to a work life balance. I think there are systemic issues as well as PR issues. ",0,,2,4,4,4,4,3,2,2,3,1,1,2,4,4,"Radiation and pregnancy ",,,,,,,"Length of training",,,2
176,,"2024-03-19 11:20:55",2,"2024-03-19 11:22:21",23,1,,0,1,0,0,0,0,0,0,0,0,0,0,0,0,0,0,,1,,0,1,"I want to be an ob/gyn, I love working with women!",,1,"won't be able to have a family, won't be taken seriously if I want to be surgeon who also wants kids",3,4,4,4,4,4,4,2,2,1,1,4,4,1,,,,,,,,,,,2
177,,"2024-03-19 13:31:12",2,"2024-03-19 13:44:54",27,1,,0,0,0,0,0,0,0,0,0,0,0,1,0,0,0,0,,2,,0,0,"I would love to be a surgeon. But the length, difficulty and timing of residency training is not conducive for a woman starting a family. My residency will be during my prime child-bearing years and I do not want to give these up for my career. Additionally, the on-call and long hour work schedule for attending surgeons is also not conducive for me to be the involved parent I want to be for my children.","See above. Ultimately, the structure of residency and surgical work flow does not support child-bearing or effective child-rearing in my opinion. Major overhauls to the surgical/residency system would be needed for this to change. In essence, the current system seems to be made for young men.",1,"When expressing to female surgical mentors my desire to have children before age 35 (therefore during residency), I was explicitly told this would make me very disliked by programs and fellow residents. I was encouraged to either delay child bearing or seek non-surgical fields.",1,5,5,4,4,2,3,4,5,1,1,4,4,2,"Heavily male-dominated. Difficult for female students to bond with potential mentors. Attendings/residents look for ""ortho-bros"" to be friends with and get close to.","Tumultuous working hours and grueling residency training. ","Extremely demanding working hours and call schedules.","Excessive surgical training years required.","Seemingly male-dominated. Personally don't prefer working with male genitals.","Prestigious and research-focused. I feel like taking time off in residency to have children would particularly make you un-liked by colleagues in the field. ","Applicant pool diluted with young, male trainees driven by financial motivations rather than clinical and who use unethical means to put down others to put themselves ahead.","Extremely grueling and lengthy residency training, possibly long working hours and call schedules as attending. Very long procedures which are physically taxing on the surgeon.","Lengthy residency training.","Highly competitive fields like ophthalmology, ENT and plastics have a very toxic applicant pools. I have been victim to purposeful sabotage by classmates in order to put me down and themselves ahead. This has made me reconsider these fields altogether.  ",2
178,,"2024-03-19 15:18:14",2,"2024-03-19 15:20:07",26,2,,1,0,0,0,0,0,0,0,0,0,0,0,0,0,0,0,,1,,0,0,"Lifestyle not compatible with my family-centeredness","Fewer calls and better hours during residency (<50 hrs/wk)",0,,1,5,5,4,5,5,2,5,1,2,2,3,1,1,,,,,,,,,,,2
179,,"2024-03-19 18:18:36",2,"2024-03-19 18:22:16",25,1,,0,0,0,0,0,0,0,0,0,0,1,0,0,0,0,0,,3,,0,0,"Not the best fit for me",No,1,"There's been comments made by med students/residents/staff that if you want a big family you shouldn't go into surgery. As someone who wants 4 children, these comments would have been hard to hear if I was actually interested in the specialty.",4,4,4,4,4,4,2,2,3,4,4,2,2,4,,,,,,,,,,,2
180,,"2024-03-21 16:54:47",2,,,,,0,0,0,0,0,0,0,0,0,0,0,0,0,0,0,0,,,,,,,,,,,,,,,,,,,,,,,,,,,,,,,,,,0
181,,"2024-03-22 09:39:57",2,,,,,0,0,0,0,0,0,0,0,0,0,0,0,0,0,0,0,,,,,,,,,,,,,,,,,,,,,,,,,,,,,,,,,,0
182,,"2024-03-22 14:06:57",2,,,,,0,0,0,0,0,0,0,0,0,0,0,0,0,0,0,0,,,,,,,,,,,,,,,,,,,,,,,,,,,,,,,,,,0
183,,"2024-03-27 09:29:33",2,,,,,0,0,0,0,0,0,0,0,0,0,0,0,0,0,0,0,,,,,,,,,,,,,,,,,,,,,,,,,,,,,,,,,,0
184,,"2024-03-27 09:48:57",2,,,,,0,0,0,0,0,0,0,0,0,0,0,0,0,0,0,0,,,,,,,,,,,,,,,,,,,,,,,,,,,,,,,,,,0
185,,"2024-03-27 22:54:38",2,,,,,0,0,0,0,0,0,0,0,0,0,0,0,0,0,0,0,,,,,,,,,,,,,,,,,,,,,,,,,,,,,,,,,,0
186,,"2024-03-30 00:46:20",2,"2024-03-30 00:49:13",21,1,,0,0,0,0,0,0,0,0,0,0,1,1,0,0,0,0,,1,,0,1,"Interest and precious exposure to field ",,0,,2,2,4,2,3,2,2,2,1,1,1,3,4,2,,,,,,,,,,,2
187,,"2024-04-01 16:16:43",2,"2024-04-01 16:19:14",24,1,,0,1,0,0,0,0,0,0,0,0,0,0,0,0,0,0,,1,,0,0,"residency lifestyle, length of training","residency lifestyle - long hours, culture that neglects mental health",0,,3,4,4,4,3,2,2,2,4,2,2,4,4,4,,,,,,,,,,,2
188,,"2024-04-03 17:56:41",2,,,,,0,0,0,0,0,0,0,0,0,0,0,0,0,0,0,0,,,,,,,,,,,,,,,,,,,,,,,,,,,,,,,,,,0
189,,"2024-04-05 22:47:32",2,,,,,0,0,0,0,0,0,0,0,0,0,0,0,0,0,0,0,,,,,,,,,,,,,,,,,,,,,,,,,,,,,,,,,,0
